Type,Name,Request Count,Failure Count,Median Response Time,Average Response Time,Min Response Time,Max Response Time,Average Content Size,Requests/s,Failures/s,50%,66%,75%,80%,90%,95%,98%,99%,99.9%,99.99%,100%
POST,/auth/login,50,0,470,505.4912239997793,324.7436999990896,1510.011200000008,160.88,0.27945763201269985,0.0,470,510,540,570,620,660,1500,1500,1500,1500,1500
POST,/chat,1843,0,880,910.9360536625261,796.57220000081,2676.901700000599,451.5344546934346,10.300808315988117,0.0,880,900,910,930,980,1100,1200,1300,2100,2700,2700
SSE,/chat/stream (complete),605,0,1300,1364.9222343801403,1159.5832999992126,2812.0612999991863,1370.0677685950413,3.381437347353668,0.0,1300,1400,1400,1400,1500,1600,1700,1800,2800,2800,2800
SSE,/chat/stream (first token),608,0,490,516.136676315837,419.3043999985093,1968.841899997642,0.0,3.39820480527443,0.0,490,510,520,540,580,680,820,910,2000,2000,2000
POST,/chat/stream (headers),605,0,9,13.817064628053854,6.536799999594223,690.4633999984071,0.0,3.381437347353668,0.0,9,10,11,12,18,35,42,72,690,690,690
GET,/documents,640,0,31,36.96063187506411,16.13999999972293,324.0531000010378,96099.0,3.577057689762558,0.0,31,32,35,37,51,61,110,260,320,320,320
,Aggregated,4351,0,860,660.9360808090223,6.536799999594223,2812.0612999991863,14519.069868995633,24.31840313774514,0.0,860,890,910,950,1300,1400,1500,1600,2000,2800,2800
