{
  "mode": "dense",
  "candidates": 20,
  "questions": 60,
  "recall_at_k": {
    "1": 0.8666666666666667,
    "3": 0.9166666666666666,
    "5": 0.9333333333333333,
    "10": 0.9666666666666667,
    "20": 0.9666666666666667
  },
  "mrr": 0.9014,
  "recall_in_candidate_pool": 0.9667
}