{
  "mode": "rerank",
  "candidates": 20,
  "questions": 60,
  "recall_at_k": {
    "1": 0.95,
    "3": 0.9666666666666667,
    "5": 0.9666666666666667,
    "10": 0.9666666666666667,
    "20": 0.9666666666666667
  },
  "mrr": 0.9556,
  "recall_in_candidate_pool": 0.9667
}