{
  "mode": "hybrid+rerank",
  "candidates": 20,
  "questions": 60,
  "recall_at_k": {
    "1": 0.9666666666666667,
    "3": 0.9666666666666667,
    "5": 0.9666666666666667,
    "10": 0.9666666666666667,
    "20": 0.9833333333333333
  },
  "mrr": 0.9681,
  "recall_in_candidate_pool": 0.9833
}